question,answer
Why is Pluto not a planet?,Pluto was reclassified as a dwarf planet in 2006 because it does not clear its orbit of debris.
How long does it take for Earth to orbit the Sun?,Earth takes approximately 365.25 days to complete one orbit around the Sun.
Why is Mars called the Red Planet?,Mars appears red due to iron oxide (rust) on its surface.
Which planet is known as Earth's twin?,Venus is often called Earth’s twin due to its similar size and composition.
How long does a day on Mercury last?,A day on Mercury lasts about 176 Earth days.
Which planet is known as Earth's twin?,Venus is often called Earth’s twin due to its similar size and composition.
What planet is the coldest?,"Neptune is the coldest planet, with temperatures dropping as low as -214°C (-353°F)."
Which planet is closest to the Sun?,Mercury is the closest planet to the Sun.
What gas makes Uranus appear blue?,"Methane in Uranus’s atmosphere absorbs red light, giving it a blue appearance."
What gas makes Uranus appear blue?,"Methane in Uranus’s atmosphere absorbs red light, giving it a blue appearance."
Which planet is known as Earth's twin?,Venus is often called Earth’s twin due to its similar size and composition.
What is the largest planet in the solar system?,"Jupiter is the largest planet, with a diameter of about 139,820 km."
Which planet has the fastest winds?,"Neptune has the fastest winds, reaching up to 2,100 km/h."
What is Saturn famous for?,Saturn is best known for its extensive and beautiful ring system.
Does Venus have any moons?,"No, Venus does not have any moons."
Which planet has the Great Red Spot?,"Jupiter has the Great Red Spot, a giant storm that has raged for centuries."
What gas makes Uranus appear blue?,"Methane in Uranus’s atmosphere absorbs red light, giving it a blue appearance."
What planet has a day longer than its year?,Venus has a day longer than its year because it rotates very slowly on its axis.
Can humans breathe on Mars?,"No, Mars has a very thin atmosphere mostly composed of carbon dioxide, unsuitable for humans."
How long does it take for Earth to orbit the Sun?,Earth takes approximately 365.25 days to complete one orbit around the Sun.
Which planet is closest to the Sun?,Mercury is the closest planet to the Sun.
How long does it take for Earth to orbit the Sun?,Earth takes approximately 365.25 days to complete one orbit around the Sun.
How long does a day on Mercury last?,A day on Mercury lasts about 176 Earth days.
What is the largest planet in the solar system?,"Jupiter is the largest planet, with a diameter of about 139,820 km."
Can humans breathe on Mars?,"No, Mars has a very thin atmosphere mostly composed of carbon dioxide, unsuitable for humans."
Which planet is tilted on its side?,"Uranus is tilted at about 98 degrees, making it appear to roll on its orbit."
How many planets have rings?,"Four planets have rings: Jupiter, Saturn, Uranus, and Neptune."
Which planet is tilted on its side?,"Uranus is tilted at about 98 degrees, making it appear to roll on its orbit."
How many planets have rings?,"Four planets have rings: Jupiter, Saturn, Uranus, and Neptune."
What gas makes Uranus appear blue?,"Methane in Uranus’s atmosphere absorbs red light, giving it a blue appearance."
What is Saturn famous for?,Saturn is best known for its extensive and beautiful ring system.
Which planet has the Great Red Spot?,"Jupiter has the Great Red Spot, a giant storm that has raged for centuries."
How long does a day on Mercury last?,A day on Mercury lasts about 176 Earth days.
How long does a day on Mercury last?,A day on Mercury lasts about 176 Earth days.
Which planet has the most moons?,"Jupiter has the most confirmed moons, with at least 79."
What planet is the coldest?,"Neptune is the coldest planet, with temperatures dropping as low as -214°C (-353°F)."
Which planet has the Great Red Spot?,"Jupiter has the Great Red Spot, a giant storm that has raged for centuries."
Which planet has the most moons?,"Jupiter has the most confirmed moons, with at least 79."
Which planet has the most moons?,"Jupiter has the most confirmed moons, with at least 79."
Which planet has the fastest winds?,"Neptune has the fastest winds, reaching up to 2,100 km/h."
Which planet is tilted on its side?,"Uranus is tilted at about 98 degrees, making it appear to roll on its orbit."
Which planet has the Great Red Spot?,"Jupiter has the Great Red Spot, a giant storm that has raged for centuries."
How long does it take for Earth to orbit the Sun?,Earth takes approximately 365.25 days to complete one orbit around the Sun.
What gas makes Uranus appear blue?,"Methane in Uranus’s atmosphere absorbs red light, giving it a blue appearance."
Why is Mars called the Red Planet?,Mars appears red due to iron oxide (rust) on its surface.
Does Venus have any moons?,"No, Venus does not have any moons."
How many planets have rings?,"Four planets have rings: Jupiter, Saturn, Uranus, and Neptune."
Which planet has the most moons?,"Jupiter has the most confirmed moons, with at least 79."
Why is Mars called the Red Planet?,Mars appears red due to iron oxide (rust) on its surface.
Does Venus have any moons?,"No, Venus does not have any moons."
What is Saturn famous for?,Saturn is best known for its extensive and beautiful ring system.
Which planet is closest to the Sun?,Mercury is the closest planet to the Sun.
Which planet is tilted on its side?,"Uranus is tilted at about 98 degrees, making it appear to roll on its orbit."
How long does a day on Mercury last?,A day on Mercury lasts about 176 Earth days.
Which planet has Olympus Mons?,"Mars has Olympus Mons, the tallest volcano in the solar system."
Does Venus have any moons?,"No, Venus does not have any moons."
Which planet has Olympus Mons?,"Mars has Olympus Mons, the tallest volcano in the solar system."
Which planet has Olympus Mons?,"Mars has Olympus Mons, the tallest volcano in the solar system."
How long does it take for Earth to orbit the Sun?,Earth takes approximately 365.25 days to complete one orbit around the Sun.
What is the largest planet in the solar system?,"Jupiter is the largest planet, with a diameter of about 139,820 km."
Which planet has the most moons?,"Jupiter has the most confirmed moons, with at least 79."
Why is Mars called the Red Planet?,Mars appears red due to iron oxide (rust) on its surface.
What gas makes Uranus appear blue?,"Methane in Uranus’s atmosphere absorbs red light, giving it a blue appearance."
Which planet is closest to the Sun?,Mercury is the closest planet to the Sun.
Which planet is closest to the Sun?,Mercury is the closest planet to the Sun.
Which planet has Olympus Mons?,"Mars has Olympus Mons, the tallest volcano in the solar system."
What gas makes Uranus appear blue?,"Methane in Uranus’s atmosphere absorbs red light, giving it a blue appearance."
What is the largest planet in the solar system?,"Jupiter is the largest planet, with a diameter of about 139,820 km."
Why is Pluto not a planet?,Pluto was reclassified as a dwarf planet in 2006 because it does not clear its orbit of debris.
Which planet is known as Earth's twin?,Venus is often called Earth’s twin due to its similar size and composition.
Which planet has the fastest winds?,"Neptune has the fastest winds, reaching up to 2,100 km/h."
Why is Mars called the Red Planet?,Mars appears red due to iron oxide (rust) on its surface.
Why is Mars called the Red Planet?,Mars appears red due to iron oxide (rust) on its surface.
Does Venus have any moons?,"No, Venus does not have any moons."
Which planet is tilted on its side?,"Uranus is tilted at about 98 degrees, making it appear to roll on its orbit."
What is Saturn famous for?,Saturn is best known for its extensive and beautiful ring system.
Which planet is tilted on its side?,"Uranus is tilted at about 98 degrees, making it appear to roll on its orbit."
Why is Pluto not a planet?,Pluto was reclassified as a dwarf planet in 2006 because it does not clear its orbit of debris.
Which planet has the Great Red Spot?,"Jupiter has the Great Red Spot, a giant storm that has raged for centuries."
What is the largest planet in the solar system?,"Jupiter is the largest planet, with a diameter of about 139,820 km."
Why is Mars called the Red Planet?,Mars appears red due to iron oxide (rust) on its surface.
What is the largest planet in the solar system?,"Jupiter is the largest planet, with a diameter of about 139,820 km."
Why is Pluto not a planet?,Pluto was reclassified as a dwarf planet in 2006 because it does not clear its orbit of debris.
How many planets have rings?,"Four planets have rings: Jupiter, Saturn, Uranus, and Neptune."
Why is Mars called the Red Planet?,Mars appears red due to iron oxide (rust) on its surface.
Which planet has Olympus Mons?,"Mars has Olympus Mons, the tallest volcano in the solar system."
What is Saturn famous for?,Saturn is best known for its extensive and beautiful ring system.
What gas makes Uranus appear blue?,"Methane in Uranus’s atmosphere absorbs red light, giving it a blue appearance."
Why is Mars called the Red Planet?,Mars appears red due to iron oxide (rust) on its surface.
How long does it take for Earth to orbit the Sun?,Earth takes approximately 365.25 days to complete one orbit around the Sun.
Which planet has Olympus Mons?,"Mars has Olympus Mons, the tallest volcano in the solar system."
What gas makes Uranus appear blue?,"Methane in Uranus’s atmosphere absorbs red light, giving it a blue appearance."
Why is Pluto not a planet?,Pluto was reclassified as a dwarf planet in 2006 because it does not clear its orbit of debris.
How long does a day on Mercury last?,A day on Mercury lasts about 176 Earth days.
How long does it take for Earth to orbit the Sun?,Earth takes approximately 365.25 days to complete one orbit around the Sun.
How many planets have rings?,"Four planets have rings: Jupiter, Saturn, Uranus, and Neptune."
What is Saturn famous for?,Saturn is best known for its extensive and beautiful ring system.
What is Saturn famous for?,Saturn is best known for its extensive and beautiful ring system.
What planet is the coldest?,"Neptune is the coldest planet, with temperatures dropping as low as -214°C (-353°F)."
Which planet is known as Earth's twin?,Venus is often called Earth’s twin due to its similar size and composition.